{
  "exp_id": "exp_002",
  "run_id": "r001",
  "query_set_id": "qset_v01",
  "dev": {
    "query_count": 50,
    "retrieval": {
      "recall@1": 0.48,
      "recall@3": 0.72,
      "mrr": 0.5766666666666667
    },
    "response": {},
    "extra": {
      "bm25": {
        "recall@1": 0.16,
        "recall@3": 0.18,
        "mrr": 0.16666666666666669
      },
      "chroma": {
        "recall@1": 0.54,
        "recall@3": 0.7,
        "mrr": 0.6033333333333334
      }
    }
  },
  "test": {
    "query_count": 42,
    "retrieval": {
      "recall@1": 0.40476190476190477,
      "recall@3": 0.6428571428571429,
      "mrr": 0.5238095238095238
    },
    "response": {},
    "extra": {
      "bm25": {
        "recall@1": 0.16666666666666666,
        "recall@3": 0.16666666666666666,
        "mrr": 0.16666666666666666
      },
      "chroma": {
        "recall@1": 0.38095238095238093,
        "recall@3": 0.5952380952380952,
        "mrr": 0.4880952380952381
      }
    }
  }
}